<?xml version="1.0" encoding="UTF-8"?>
<!DOCTYPE mapper
  PUBLIC "-//mybatis.org//DTD Mapper 3.0//EN"
  "http://mybatis.org/dtd/mybatis-3-mapper.dtd">
<mapper namespace="com.niit.demo.dao.UserMapping">

	<select id="selectById" resultType="com.niit.demo.pojo.User">
		select * from user where id = #{id}
	</select>

	<insert id="insertData">
		insert into user(`username`,`pw`) values (#{username},#{pw})
	</insert>

	<delete id="delData">
		delete from user where id = #{id}
	</delete>
	
	<update id="updateData">
		update user set username=#{username},pw=#{pw} where id = #{id}
	</update>

</mapper>
